{"params": {"cf": 4.0, "rf": 3.0, "kc": 1.0, "kr": 10.0, "kd": 0.0, "goal": 0.0, "loc": 0.0, "grid": 3.0, "seed": null, "scaling": "linear", "exp_rate": "0.2", "speed": "0.05", "perimeter_directed": false, "stability_factor": 0.0, "perimeter_packing_factor": 1.0}, "coords": [[0.0, -1.9714092963087402, 0.42117609385210697, -0.11479251767014809, -0.16747352682022232, 2.94150044962095, -1.460601945532255, 2.9956610101931407, -0.6031416286549325, -2.1760829332329514, 2.480807861104795, 2.1348019820300106, 1.8751580634364275, 2.059810623433968, 0.0006396335554477162, -0.7501591236992291, -1.1535406612211643, 1.496472383135199, 2.4369808467849063, 0.8012238274049355, 2.787302803379676, 1.2884433265488555, 1.0320566753833278, 2.02939524319852, 2.123901786071296, -1.41356470057728, -0.14636413556712835, 1.7135276370159946, 2.5445409786681994, -1.5636109108003435, -2.9674615790183676, -1.536778943638425, 2.989179561909439, 1.4956747534238026, -0.40815254724651684, 2.812258977454518, 1.47470130125037, -2.5483570105626017, -1.727963278666443, 0.6431289823026978, -0.8306345184932518, 1.4470912112295942, -0.6957750989284373, 1.2813900707640364, 0.9045038085541903, -1.8222890657990012, 2.607964892393751, 2.059084387868001, -2.5944430478504126, -2.238578917702451, -0.8140234127094148, -0.09482038790542946, 0.9473489959897523, 2.3179404168073594, 1.9203423095392038, -1.3784979583539785, 0.48771782739614267, 2.4101911726604186, -1.000552240028881, 0.36631700970905756, 2.7656986718920926, 0.38023081697017913, 2.2865146816975566, 0.17300484243119696, 1.0190461504774877, -1.1418289839745999, 2.413318256552742, 1.3572389253620791, -1.362486575949071, 0.1758635805769755, 2.9052614343327416, 0.7087096837977933, 2.275789494192794, -2.479492453227446, 0.14470313521843226, -1.7518902066824906, 2.777366802789924, -2.7676079170002663, -1.7671963956740482, 1.2101677614851516, 0.6005691296351161, 0.5514505451816856, -1.9906644288156585, 0.06507268414384626, 2.8929789616292734, -1.322255883290169, -1.3070100184757556, -0.05377585584372513, -0.22819784245423058, -1.4821674222460761, -2.137854831173602, 1.845341276940493, 2.9717384708318493, -1.788008087469022, 0.059891648557433896, -1.5297411798686424, 2.0866039836377883, 1.596615565825548, 0.13172021136822742, 2.265757044778349], [0.0, -0.035633988551879714, -1.390318484983785, -1.4995213570413228, 0.7311196126608817, -0.07399432752414903, -2.7628989698336195, -0.5393012686784115, -0.11712969866849932, -0.4501344854951985, 2.8636356814929522, 1.0568580259493086, 1.894247702801474, 1.8845008670866754, 1.6720467005488748, -0.9977888768732779, 0.9671695493262149, -0.3944904236678326, 1.1958901858477677, 2.880372518387773, -2.0039028955371156, 0.6061865364062804, 1.9743386226084079, -1.1131401356116402, -0.13189925477702769, 1.855539448532138, 2.9390469066276586, 1.4354596428939752, 2.5683351673902965, -2.748792071068065, 0.9743265390756157, 2.0408408256108554, -1.066101386888737, -1.873191202231763, -0.47429258620448067, -1.7935302296628186, 0.013058998200547123, -0.6905086120503645, 2.2878397016688137, 1.849964763640271, -1.335978669331697, -0.10588127596879637, -0.545414871633803, 1.5281024470988207, -2.9298856429073794, 0.9318472318437361, -1.5111762123870813, 1.6407421306897678, 1.737616473768215, 0.20505355931898528, -2.3348719980179737, 2.2892604174949636, -1.6644813363549158, 0.8254110700275819, 0.31340873459670604, 0.525971228852327, 0.9247657034137164, 2.861736023271903, -1.0335601716185672, 1.512993821257906, 1.507009869885012, -1.7905069775806945, 1.2608072443457212, 2.127890608514388, -2.1768439897187757, -0.35426904031735607, 1.427367100545653, -0.2617982981519327, 1.6618170321986199, -1.173277757151425, -2.6031942784893607, 2.433145476860023, 2.2511284236525517, 0.7708854502854097, 1.8459502869828661, 0.9842999495615827, 2.791971552754652, -2.886777046799527, -2.553900761611515, 1.5136916794537223, 2.113933111378887, -0.7431410492696995, 2.244379490003018, 2.6024873575088074, -0.20651063711513817, -1.1883774751029468, -2.487092535031424, -0.7413438248804898, 1.2083300027423576, -1.778639363736118, -0.336271557510019, 0.1420835098228599, 2.1332724379497474, -1.8317814421646796, -2.427570198734401, -2.5190076248602793, -0.7935854741385282, -2.7309383738054525, -1.330168543920219, 2.431050988846975]]}