{"params": {"cf": 4.0, "rf": 3.0, "kc": 1.0, "kr": 10.0, "kd": 0.0, "goal": 0.0, "loc": 0.0, "grid": 10.0, "seed": null, "scaling": "linear", "exp_rate": 0.2, "speed": 0.05, "perimeter_directed": false, "stability_factor": 0.0, "perimeter_packing_factor": 1.0}, "coords": [[0.0, -0.2326620598723821, -1.033072604076575, 2.2971771501026472, 0.4602044005790451, -2.363208767451469, -0.6335252198231247, -0.5100507749449967, 0.2986603147748266, -2.016428048354882, -1.8139937125906815, 1.2900422861840557, 1.3291429741582519, -2.992941649178533, -0.5901097279412775, 2.5213131944705625, -1.1408967124604117, 0.2471621757687723, -1.8654129601321339, -0.6326608057032028, -2.5051304085491637, 1.3614458714201136, 0.284716598357444, -0.7196882293923039, -2.3737541427812108, -2.3270521926339205, -2.6901690906603597, 2.036080058435047, -0.5888167484582505, -0.47453452155646714, 1.9273664476844283, -1.9099272765971125, -2.475382850917927, -1.9018081235357045, -0.98514253038483, 0.5682119219655464, -1.7659294057696153, 2.097793004388423, -0.6267710468440155, 1.7273466905561001, 0.20196568668056125, 1.882227113116823, -0.800855385932572, -0.24970647447431515, -1.1922105871252457, 2.3047336365350732, 0.3549035740121482, -1.4810963708693907, 2.369344345740588, -2.4444956802726745, 0.9079613773775557, 0.034936467747262334, 2.4009854209661423, -2.1657555040026213, 2.634045721045367, -0.15099509423204616, -0.09094770623844362, 2.1021450826596544, -1.0258904432491602, -2.541953151116469, -1.080912903454663, -2.790392393657857, 2.931237271093506, 1.3886689144774058, -2.3726821257506825, 0.4044049722849925, -0.9622508041089253, -2.7478068263359137, 0.28015749446642957, -1.4224944964092328, 2.3451665894501277, -2.412429489621924, 2.4260046136355857, 2.0004333402890984, 2.491773319296989, -1.4286836838252805, -0.07852289915282817, 1.5294011525295215, -1.900576376619676, 2.938344489102257, 2.8348849765461583, 0.009827493687517563, 0.967710177586147, 0.059960664923275786, 0.07050962796510696, -1.5562705550563498, 1.022999895321954, -0.44686813704642914, 1.9591819333879483, -2.616131130736245, -1.9457245284648228, 1.0655446361629126, -1.583790733497997, -0.25747491743723927, 1.2242502319852315, -1.9351399906789757, -0.15368371301360995, -2.4919163008662553, -0.2015758744228937, -2.7464513052797255], [0.0, -2.200421399237711, -2.8813516944376873, 1.3855601393187547, 0.9209026342257038, 1.9439166537061014, 2.635493555422422, 1.3329576889635781, 1.1462271782896822, -0.9559419823510296, 1.8184462534788715, 0.8401213064819602, -0.6326777835618165, 1.363193287885709, -1.721409324661364, -0.4914098629603729, 2.6104595228990135, 2.8193282261807955, 0.28195048222406793, -0.20496913612767687, 0.9656675670537247, -2.0769938409459874, -1.6258945945509011, -0.5306110207749537, 2.2940989885870984, -0.27059543215308857, 0.7702960876621541, 0.2844702595977071, 2.5130760065113664, 0.5069355928362294, -2.252798669007624, -1.496238918110825, 0.722872083386283, -1.4126436932458437, -2.916813935190434, 1.0324505941010083, 0.05137153745894496, 1.6587546738698782, 2.486502254136269, -1.326140132783122, -2.255085713106169, 1.2573576769803214, -0.19890812151512316, -2.397271760366068, 1.0506171460381957, 0.9527174124543976, 0.8065365858560698, -1.1709008106625693, 1.1328313167897948, -1.9678921826306692, 0.30405413314637997, 0.7690309016390025, 1.8761560449105437, -0.5925664845222771, 2.667355522448596, -1.7535211510517001, -2.41252501768919, 0.2765902381245522, 1.509574399339816, 2.2056639776619154, 1.3707081301393798, -1.912046900118646, 1.6561984957093294, 1.4917615548867298, -0.49919366447092006, 0.02825227327437574, -1.6899486863968605, 2.4413000536243814, 1.2310330129301068, 0.8620469891240718, -1.256080304157801, -2.5166172125515107, -2.727747002517153, -0.753009834976968, 2.3783656687106873, 1.9808007646080394, -0.7403540198104395, -2.1165138100090433, 0.5030253071322708, -2.6452667282056685, 2.047060280994639, 2.8390598332267905, 0.9913530711563698, 2.0226575968524054, 2.665030587397731, 0.24227502477632523, 2.0284167201670904, 1.8872448533349093, 2.4916153720898127, 2.407897552906622, 1.307698893520512, -2.358575809086612, 2.582467291730124, 1.4618881505272432, -0.10186029895259097, 1.5409939165892483, -1.3916211498194644, 1.6848020979625522, -1.9047523030900804, -1.342143519280949]]}