{"params": {"cf": 4.0, "rf": 3.0, "kc": 1.0, "kr": 10.0, "kd": 0.0, "goal": 0.0, "loc": 0.0, "grid": 10.0, "seed": null, "scaling": "linear", "exp_rate": 0.2, "speed": 0.05, "perimeter_directed": false, "stability_factor": 0.0, "perimeter_packing_factor": 1.0}, "coords": [[0.0, -1.3789840441734527, 1.5739917189424464, 2.0028256089080267, 2.6075057862429887, 0.07227501199318809, 1.9413017951361207], [0.0, -2.7059168087646213, 0.024046146949897818, -1.9916239154391489, -2.1957875288860986, -0.7395813373300157, -2.0780379056016294]]}