{
    "params": {
        "cb": 3,
        "rb": 2,
        "ob": 3.0,
        "kc": 0.15000000596046448,
        "kr": 50,
        "kd": 0,
        "ko": 0.0,
        "kg": 0.0,
        "scaling": "linear",
        "exp_rate": 0.20000000298023224,
        "speed": 0.05000000074505806,
        "stability_factor": 0,
        "pc": 1.0,
        "pr": 1.0,
        "perim_coord": false
    },
    "agents": {
        "coords": [
            [
                -2.1800003051757812,
                1.539999008178711,
                -1.4400005340576172,
                0.0,
                1.7599983215332031,
                -0.5400009155273438,
                1.1799983978271484,
                0.2199993133544922,
                0.17999839782714844,
                -1.2000007629394531
            ],
            [
                -0.19999980926513672,
                -0.26000022888183594,
                0.8999996185302734,
                0.0,
                -1.1000003814697266,
                -1.0200004577636719,
                0.6799993515014648,
                1.6399993896484375,
                -1.8600006103515625,
                -1.6599998474121094
            ],
            [
                0.0,
                0.0,
                0.0,
                0.0,
                0.0,
                0.0,
                0.0,
                0.0,
                0.0,
                0.0
            ]
        ]
    },
    "destinations": {
        "coords": [
            [
                0.0
            ],
            [
                0.0
            ],
            [
                0.0
            ]
        ]
    },
    "obstacles": {
        "coords": [
            [],
            [],
            []
        ]
    }
}