{"params": {"cb": 4.0, "rb": 3.0, "ob": 3.0, "kc": 1.0, "kr": 10.0, "kd": 1.0, "ko": 0.0, "scaling": "linear", "exp_rate": 0.2, "speed": 0.05, "stability_factor": 0.0, "pc": 1.0, "pr": 1.0, "perim_coord": false}, "agents": {"coords": [[-7.0, -8.91662073112671, -4.519918751740813, -6.484354061087519, -6.030011507434756, -8.206136906633047, -8.286139306050686], [-7.0, -5.8424686693406, -8.948121419605489, -5.813565730163234, -6.516528358559034, -6.900886197978631, -6.327454082584888], [0.0, 0.0, 0.0, 0.0, 0.0, 0.0, 0.0]]}, "destinations": {"coords": [[10.0], [15.0], [0.0]]}, "obstacles": {"coords": [[], [], []]}}